bundle,feature_name,source_fields,event_formula,window,aggregation,companion,pit_rule,missing_rule,incremental_information
F1,horse_recent3_race_relative_time_advantage_median,valid_race_time_seconds,race_median_valid_time-runner_valid_time,recent 3 valid relative events,median,horse_recent3_race_relative_time_count,historical_race_date < feature_as_of; historical race only,exclude non-finish invalid time and cohorts under 3; NULL if no event,within-race time margin removes distance meet and shared race pace level
F1,horse_recent3_race_time_percentile_median,valid_race_time_seconds,fastest-oriented average-tie percentile,recent 3 valid relative events,median,horse_recent3_race_relative_time_count,historical_race_date < feature_as_of; historical race only,same shared eligibility and NULL rule,unitless relative order adjusts for field size
F1,horse_recent3_race_relative_time_count,valid_race_time_seconds,count eligible relative events,recent 3 valid relative events,count,self,historical_race_date < feature_as_of,0 if no event,distinguishes missing relative summaries from observed history
F1,horse_recent5_race_relative_time_advantage_median,valid_race_time_seconds,race_median_valid_time-runner_valid_time,recent 5 valid relative events,median,horse_recent5_race_relative_time_count,historical_race_date < feature_as_of; historical race only,exclude non-finish invalid time and cohorts under 3; NULL if no event,more stable within-race time margin than recent3
F1,horse_recent5_race_time_percentile_median,valid_race_time_seconds,fastest-oriented average-tie percentile,recent 5 valid relative events,median,horse_recent5_race_relative_time_count,historical_race_date < feature_as_of; historical race only,same shared eligibility and NULL rule,more stable unitless relative order than recent3
F1,horse_recent5_race_relative_time_count,valid_race_time_seconds,count eligible relative events,recent 5 valid relative events,count,self,historical_race_date < feature_as_of,0 if no event,distinguishes missing relative summaries from observed history
F2,horse_recent3_late_kick_advantage_median,historical_g3f_seconds; historical_g1f_seconds,(g3f-3*g1f)/2,recent 3 jointly valid events,median,horse_recent3_late_kick_advantage_count,historical_race_date < feature_as_of,NULL if either sectional missing; exclude invalid result,positive means final 200m faster than preceding 400m average
F2,horse_recent3_late_kick_advantage_count,historical_g3f_seconds; historical_g1f_seconds,count jointly valid events,recent 3 jointly valid events,count,self,historical_race_date < feature_as_of,0 if no joint event,records co-observed pace-shape depth
F2,horse_recent5_late_kick_advantage_median,historical_g3f_seconds; historical_g1f_seconds,(g3f-3*g1f)/2,recent 5 jointly valid events,median,horse_recent5_late_kick_advantage_count,historical_race_date < feature_as_of,NULL if either sectional missing; exclude invalid result,stable final-kick shape based on same-event sectionals
F2,horse_recent5_late_kick_advantage_count,historical_g3f_seconds; historical_g1f_seconds,count jointly valid events,recent 5 jointly valid events,count,self,historical_race_date < feature_as_of,0 if no joint event,records co-observed pace-shape depth
F2,horse_recent3_finish_vs_start_advantage_median,s1f_seconds; historical_g1f_seconds,s1f-g1f,recent 3 jointly valid events,median,horse_recent3_finish_vs_start_advantage_count,historical_race_date < feature_as_of,NULL if either sectional missing; exclude invalid result,positive means final 200m faster than opening 200m
F2,horse_recent3_finish_vs_start_advantage_count,s1f_seconds; historical_g1f_seconds,count jointly valid events,recent 3 jointly valid events,count,self,historical_race_date < feature_as_of,0 if no joint event,records co-observed whole-race shape depth
F2,horse_recent5_finish_vs_start_advantage_median,s1f_seconds; historical_g1f_seconds,s1f-g1f,recent 5 jointly valid events,median,horse_recent5_finish_vs_start_advantage_count,historical_race_date < feature_as_of,NULL if either sectional missing; exclude invalid result,stable opening-to-finish shape based on same-event sectionals
F2,horse_recent5_finish_vs_start_advantage_count,s1f_seconds; historical_g1f_seconds,count jointly valid events,recent 5 jointly valid events,count,self,historical_race_date < feature_as_of,0 if no joint event,records co-observed whole-race shape depth
F3,rating_field_percentile,rating,higher-is-better field percentile,current race,race cross-section,registered_runner_count,all inputs available by prediction cutoff,NULL if own value missing or fewer than 3 comparable runners,locates official rating within today's opposition
F3,carried_weight_vs_field_median_kg,carried_weight,runner value-field median,current race,race cross-section,registered_runner_count,all inputs available by prediction cutoff,NULL if own value missing or fewer than 3 comparable runners,captures relative burden rather than treating the same kg equally in every field
F3,horse_prior_plc_hit_rate_field_percentile,horse_prior_plc_hit_rate,higher-is-better field percentile,current race,race cross-section,horse_prior_start_count,base history is PIT and field values are cutoff-known,NULL if own rate missing or fewer than 3 comparable runners,compares long-term PLC record with today's rivals
F3,horse_recent5_plc_hit_rate_field_percentile,horse_recent5_plc_hit_rate,higher-is-better field percentile,current race,race cross-section,horse_recent5_start_count,base history is PIT and field values are cutoff-known,NULL if own rate missing or fewer than 3 comparable runners,compares recent PLC form with today's rivals
F3,horse_same_distance_plc_hit_rate_field_percentile,horse_same_distance_plc_hit_rate,higher-is-better field percentile,current race,race cross-section,horse_same_distance_start_count,base history is PIT and field values are cutoff-known,NULL if own rate missing or fewer than 3 comparable runners,compares distance affinity within today's field
F3,jockey_recent10_plc_hit_rate_field_percentile,jockey_recent10_plc_hit_rate,higher-is-better field percentile,current race,race cross-section,jockey_recent10_start_count,base history is PIT and field values are cutoff-known,NULL if own rate missing or fewer than 3 comparable runners,compares current jockey recent form with rival jockeys
F3,trainer_recent10_plc_hit_rate_field_percentile,trainer_recent10_plc_hit_rate,higher-is-better field percentile,current race,race cross-section,trainer_recent10_start_count,base history is PIT and field values are cutoff-known,NULL if own rate missing or fewer than 3 comparable runners,compares current trainer recent form with rival trainers
F3,horse_recent5_s1f_field_percentile,horse_recent5_s1f_median,lower-is-better field percentile,current race,race cross-section,horse_recent5_s1f_count,base sectionals are historical and field values are cutoff-known,NULL if own median missing or fewer than 3 comparable runners,locates historical opening speed among today's rivals
F3,horse_recent5_g3f_field_percentile,horse_recent5_g3f_median,lower-is-better field percentile,current race,race cross-section,horse_recent5_g3f_count,base sectionals are historical and field values are cutoff-known,NULL if own median missing or fewer than 3 comparable runners,locates historical final-600m speed among today's rivals
F3,horse_recent5_g1f_field_percentile,horse_recent5_g1f_median,lower-is-better field percentile,current race,race cross-section,horse_recent5_g1f_count,base sectionals are historical and field values are cutoff-known,NULL if own median missing or fewer than 3 comparable runners,locates historical final-200m speed among today's rivals
