position,feature_name,feature_family,category,required_raw_fields,source_candidate,entity_key,prediction_time_availability,pit_requirement,current_implementation_status,blocker_or_uncertainty,notes
1,meet_code,current_race_context,A,"meet, rcDate, rcNo",KRA API26_2 entry sheet/detail,race_date+meet_code+race_no; horse_id when runner-level,after entry sheet publication,observed_at <= prediction_cutoff,historical reconstruction only; live collector absent,observed_at lineage absent,"API4 is post-race, not serving source"
2,race_grade,current_race_context,A,rank,KRA API26_2 entry sheet/detail,race_date+meet_code+race_no; horse_id when runner-level,after entry sheet publication,observed_at <= prediction_cutoff,historical reconstruction only; live collector absent,observed_at lineage absent,"API4 is post-race, not serving source"
3,distance_m,current_race_context,A,rcDist,KRA API26_2 entry sheet/detail,race_date+meet_code+race_no; horse_id when runner-level,after entry sheet publication,observed_at <= prediction_cutoff,historical reconstruction only; live collector absent,observed_at lineage absent,"API4 is post-race, not serving source"
4,registered_runner_count,current_race_context,A,rcCnt or final active runner list count,KRA API26_2 entry sheet/detail,race_date+meet_code+race_no; horse_id when runner-level,after entry sheet publication,observed_at <= prediction_cutoff,historical reconstruction only; live collector absent,observed_at lineage absent,must reflect active betting field
5,gate_no,current_runner_profile,A,chulNo,KRA API26_2 entry sheet/detail,race_date+meet_code+race_no; horse_id when runner-level,after entry sheet publication,observed_at <= prediction_cutoff,historical reconstruction only; live collector absent,observed_at lineage absent,"API4 is post-race, not serving source"
6,horse_sex,current_runner_profile,A,sex,KRA API26_2 entry sheet/detail,race_date+meet_code+race_no; horse_id when runner-level,after entry sheet publication,observed_at <= prediction_cutoff,historical reconstruction only; live collector absent,observed_at lineage absent,"API4 is post-race, not serving source"
7,horse_age,current_runner_profile,A,age,KRA API26_2 entry sheet/detail,race_date+meet_code+race_no; horse_id when runner-level,after entry sheet publication,observed_at <= prediction_cutoff,historical reconstruction only; live collector absent,observed_at lineage absent,"API4 is post-race, not serving source"
8,carried_weight,current_runner_profile,A,wgBudam,KRA API26_2 entry sheet/detail,race_date+meet_code+race_no; horse_id when runner-level,after entry sheet publication,observed_at <= prediction_cutoff,historical reconstruction only; live collector absent,observed_at lineage absent,"API4 is post-race, not serving source"
9,rating,current_runner_profile,A,rating,KRA API26_2 entry sheet/detail,race_date+meet_code+race_no; horse_id when runner-level,after entry sheet publication,observed_at <= prediction_cutoff,historical reconstruction only; live collector absent,observed_at lineage absent,"API4 is post-race, not serving source"
10,race_age_condition,current_race_context,A,ageCond,KRA API26_2 entry sheet; API72_2 race plan cross-check,race_date+meet_code+race_no; horse_id when runner-level,after entry sheet publication,observed_at <= prediction_cutoff,historical reconstruction only; live collector absent,observed_at lineage absent,"API4 is post-race, not serving source"
11,race_weight_condition,current_race_context,A,budam,KRA API26_2 entry sheet; API72_2 race plan cross-check,race_date+meet_code+race_no; horse_id when runner-level,after entry sheet publication,observed_at <= prediction_cutoff,historical reconstruction only; live collector absent,observed_at lineage absent,"API4 is post-race, not serving source"
12,race_prize_condition,current_race_prize,A,prizeCond,KRA API26_2 entry sheet; API72_2 race plan cross-check,race_date+meet_code+race_no; horse_id when runner-level,after entry sheet publication,observed_at <= prediction_cutoff,historical reconstruction only; live collector absent,observed_at lineage absent,"API4 is post-race, not serving source"
13,race_sex_condition,current_race_context,A,sexCond,KRA API26_2 entry sheet; API72_2 race plan cross-check,race_date+meet_code+race_no; horse_id when runner-level,after entry sheet publication,observed_at <= prediction_cutoff,historical reconstruction only; live collector absent,observed_at lineage absent,"API4 is post-race, not serving source"
14,race_type,current_race_context,A,rcType,KRA API26_2 entry sheet; API72_2 race plan cross-check,race_date+meet_code+race_no; horse_id when runner-level,after entry sheet publication,observed_at <= prediction_cutoff,historical reconstruction only; live collector absent,observed_at lineage absent,"API4 is post-race, not serving source"
15,race_day_of_week,current_race_context,A,rcDate,KRA API26_2 entry sheet/detail,race_date+meet_code+race_no; horse_id when runner-level,after entry sheet publication,observed_at <= prediction_cutoff,historical reconstruction only; live collector absent,observed_at lineage absent,"API4 is post-race, not serving source"
16,race_first_prize,current_race_prize,A,chaksun1,KRA API26_2 entry sheet; API72_2 race plan cross-check,race_date+meet_code+race_no; horse_id when runner-level,after entry sheet publication,observed_at <= prediction_cutoff,historical reconstruction only; live collector absent,observed_at lineage absent,"API4 is post-race, not serving source"
17,race_second_prize,current_race_prize,A,chaksun2,KRA API26_2 entry sheet; API72_2 race plan cross-check,race_date+meet_code+race_no; horse_id when runner-level,after entry sheet publication,observed_at <= prediction_cutoff,historical reconstruction only; live collector absent,observed_at lineage absent,"API4 is post-race, not serving source"
18,race_third_prize,current_race_prize,A,chaksun3,KRA API26_2 entry sheet; API72_2 race plan cross-check,race_date+meet_code+race_no; horse_id when runner-level,after entry sheet publication,observed_at <= prediction_cutoff,historical reconstruction only; live collector absent,observed_at lineage absent,"API4 is post-race, not serving source"
19,race_fourth_prize,current_race_prize,A,chaksun4,KRA API26_2 entry sheet; API72_2 race plan cross-check,race_date+meet_code+race_no; horse_id when runner-level,after entry sheet publication,observed_at <= prediction_cutoff,historical reconstruction only; live collector absent,observed_at lineage absent,"API4 is post-race, not serving source"
20,race_fifth_prize,current_race_prize,A,chaksun5,KRA API26_2 entry sheet; API72_2 race plan cross-check,race_date+meet_code+race_no; horse_id when runner-level,after entry sheet publication,observed_at <= prediction_cutoff,historical reconstruction only; live collector absent,observed_at lineage absent,"API4 is post-race, not serving source"
21,race_bonus_1,current_race_prize,A,buga1,KRA API26_2 entry sheet; API72_2 race plan cross-check,race_date+meet_code+race_no; horse_id when runner-level,after entry sheet publication,observed_at <= prediction_cutoff,historical reconstruction only; live collector absent,observed_at lineage absent,"API4 is post-race, not serving source"
22,race_bonus_2,current_race_prize,A,buga2,KRA API26_2 entry sheet; API72_2 race plan cross-check,race_date+meet_code+race_no; horse_id when runner-level,after entry sheet publication,observed_at <= prediction_cutoff,historical reconstruction only; live collector absent,observed_at lineage absent,"API4 is post-race, not serving source"
23,race_bonus_3,current_race_prize,A,buga3,KRA API26_2 entry sheet; API72_2 race plan cross-check,race_date+meet_code+race_no; horse_id when runner-level,after entry sheet publication,observed_at <= prediction_cutoff,historical reconstruction only; live collector absent,observed_at lineage absent,"API4 is post-race, not serving source"
24,horse_prior_start_count,historical_horse_long_term,B,"historical race/date, entity ID, status, finish and official PLC as applicable",canonical/semantic PIT history,horse_id,after IDs/full field; frozen historical DB,historical.race_date < feature_as_of,historical computation; serving job absent,cold start vs failed join not explicit,PIT-only history
25,horse_prior_finish_rate,historical_horse_long_term,B,"historical race/date, entity ID, status, finish and official PLC as applicable",canonical/semantic PIT history,horse_id,after IDs/full field; frozen historical DB,historical.race_date < feature_as_of,historical computation; serving job absent,cold start vs failed join not explicit,PIT-only history
26,horse_prior_plc_hit_rate,historical_horse_long_term,B,"historical race/date, entity ID, status, finish and official PLC as applicable",canonical/semantic PIT history,horse_id,after IDs/full field; frozen historical DB,historical.race_date < feature_as_of,historical computation; serving job absent,cold start vs failed join not explicit,PIT-only history
27,horse_prior_avg_finish_rank,historical_horse_long_term,B,"historical race/date, entity ID, status, finish and official PLC as applicable",canonical/semantic PIT history,horse_id,after IDs/full field; frozen historical DB,historical.race_date < feature_as_of,historical computation; serving job absent,cold start vs failed join not explicit,PIT-only history
28,horse_days_since_last_start,historical_horse_long_term,B,"historical race/date, entity ID, status, finish and official PLC as applicable",canonical/semantic PIT history,horse_id,after IDs/full field; frozen historical DB,historical.race_date < feature_as_of,historical computation; serving job absent,cold start vs failed join not explicit,PIT-only history
29,horse_recent5_start_count,historical_horse_recent,B,"historical race/date, entity ID, status, finish and official PLC as applicable",canonical/semantic PIT history,horse_id,after IDs/full field; frozen historical DB,historical.race_date < feature_as_of,historical computation; serving job absent,cold start vs failed join not explicit,PIT-only history
30,horse_recent5_plc_hit_rate,historical_horse_recent,B,"historical race/date, entity ID, status, finish and official PLC as applicable",canonical/semantic PIT history,horse_id,after IDs/full field; frozen historical DB,historical.race_date < feature_as_of,historical computation; serving job absent,cold start vs failed join not explicit,PIT-only history
31,horse_recent5_avg_finish_rank,historical_horse_recent,B,"historical race/date, entity ID, status, finish and official PLC as applicable",canonical/semantic PIT history,horse_id,after IDs/full field; frozen historical DB,historical.race_date < feature_as_of,historical computation; serving job absent,cold start vs failed join not explicit,PIT-only history
32,horse_same_distance_start_count,historical_horse_aptitude,B,"historical race/date, entity ID, status, finish and official PLC as applicable",canonical/semantic PIT history,horse_id,after IDs/full field; frozen historical DB,historical.race_date < feature_as_of,historical computation; serving job absent,cold start vs failed join not explicit,PIT-only history
33,horse_same_distance_plc_hit_rate,historical_horse_aptitude,B,"historical race/date, entity ID, status, finish and official PLC as applicable",canonical/semantic PIT history,horse_id,after IDs/full field; frozen historical DB,historical.race_date < feature_as_of,historical computation; serving job absent,cold start vs failed join not explicit,PIT-only history
34,jockey_prior_start_count,historical_jockey,B,"historical race/date, entity ID, status, finish and official PLC as applicable",canonical/semantic PIT history,jockey_id,after IDs/full field; frozen historical DB,historical.race_date < feature_as_of,historical computation; serving job absent,cold start vs failed join not explicit,PIT-only history
35,jockey_prior_plc_hit_rate,historical_jockey,B,"historical race/date, entity ID, status, finish and official PLC as applicable",canonical/semantic PIT history,jockey_id,after IDs/full field; frozen historical DB,historical.race_date < feature_as_of,historical computation; serving job absent,cold start vs failed join not explicit,PIT-only history
36,trainer_prior_start_count,historical_trainer,B,"historical race/date, entity ID, status, finish and official PLC as applicable",canonical/semantic PIT history,trainer_id,after IDs/full field; frozen historical DB,historical.race_date < feature_as_of,historical computation; serving job absent,cold start vs failed join not explicit,PIT-only history
37,trainer_prior_plc_hit_rate,historical_trainer,B,"historical race/date, entity ID, status, finish and official PLC as applicable",canonical/semantic PIT history,trainer_id,after IDs/full field; frozen historical DB,historical.race_date < feature_as_of,historical computation; serving job absent,cold start vs failed join not explicit,PIT-only history
38,horse_prior_win_rate,historical_horse_long_term,B,"historical race/date, entity ID, status, finish and official PLC as applicable",canonical/semantic PIT history,horse_id,after IDs/full field; frozen historical DB,historical.race_date < feature_as_of,historical computation; serving job absent,cold start vs failed join not explicit,PIT-only history
39,horse_prior_top3_rate,historical_horse_long_term,B,"historical race/date, entity ID, status, finish and official PLC as applicable",canonical/semantic PIT history,horse_id,after IDs/full field; frozen historical DB,historical.race_date < feature_as_of,historical computation; serving job absent,cold start vs failed join not explicit,PIT-only history
40,horse_prior_best_finish_rank,historical_horse_long_term,B,"historical race/date, entity ID, status, finish and official PLC as applicable",canonical/semantic PIT history,horse_id,after IDs/full field; frozen historical DB,historical.race_date < feature_as_of,historical computation; serving job absent,cold start vs failed join not explicit,PIT-only history
41,horse_prior_finish_rank_std,historical_horse_long_term,B,"historical race/date, entity ID, status, finish and official PLC as applicable",canonical/semantic PIT history,horse_id,after IDs/full field; frozen historical DB,historical.race_date < feature_as_of,historical computation; serving job absent,cold start vs failed join not explicit,PIT-only history
42,horse_prior_rating_mean,historical_horse_long_term,B,"historical race/date, entity ID, status, finish and official PLC as applicable",canonical/semantic PIT history,horse_id,after IDs/full field; frozen historical DB,historical.race_date < feature_as_of,historical computation; serving job absent,cold start vs failed join not explicit,PIT-only history
43,horse_last_rating,historical_horse_long_term,B,"historical race/date, entity ID, status, finish and official PLC as applicable",canonical/semantic PIT history,horse_id,after IDs/full field; frozen historical DB,historical.race_date < feature_as_of,historical computation; serving job absent,cold start vs failed join not explicit,PIT-only history
44,horse_rating_change_last_start,historical_horse_long_term,B,"historical race/date, entity ID, status, finish and official PLC as applicable",canonical/semantic PIT history,horse_id,after IDs/full field; frozen historical DB,historical.race_date < feature_as_of,historical computation; serving job absent,cold start vs failed join not explicit,PIT-only history
45,horse_prior_carried_weight_mean,historical_horse_weight,B,historical horse weight/change and race_date,canonical/semantic PIT history,horse_id,after IDs/full field; frozen historical DB,historical.race_date < feature_as_of,historical computation; serving job absent,cold start vs failed join not explicit,PIT-only history
46,horse_recent3_win_rate,historical_horse_recent,B,"historical race/date, entity ID, status, finish and official PLC as applicable",canonical/semantic PIT history,horse_id,after IDs/full field; frozen historical DB,historical.race_date < feature_as_of,historical computation; serving job absent,cold start vs failed join not explicit,PIT-only history
47,horse_recent3_top3_rate,historical_horse_recent,B,"historical race/date, entity ID, status, finish and official PLC as applicable",canonical/semantic PIT history,horse_id,after IDs/full field; frozen historical DB,historical.race_date < feature_as_of,historical computation; serving job absent,cold start vs failed join not explicit,PIT-only history
48,horse_recent3_avg_finish_rank,historical_horse_recent,B,"historical race/date, entity ID, status, finish and official PLC as applicable",canonical/semantic PIT history,horse_id,after IDs/full field; frozen historical DB,historical.race_date < feature_as_of,historical computation; serving job absent,cold start vs failed join not explicit,PIT-only history
49,horse_recent3_best_finish_rank,historical_horse_recent,B,"historical race/date, entity ID, status, finish and official PLC as applicable",canonical/semantic PIT history,horse_id,after IDs/full field; frozen historical DB,historical.race_date < feature_as_of,historical computation; serving job absent,cold start vs failed join not explicit,PIT-only history
50,horse_recent3_avg_rating,historical_horse_recent,B,"historical race/date, entity ID, status, finish and official PLC as applicable",canonical/semantic PIT history,horse_id,after IDs/full field; frozen historical DB,historical.race_date < feature_as_of,historical computation; serving job absent,cold start vs failed join not explicit,PIT-only history
51,horse_recent3_rating_change,historical_horse_recent,B,"historical race/date, entity ID, status, finish and official PLC as applicable",canonical/semantic PIT history,horse_id,after IDs/full field; frozen historical DB,historical.race_date < feature_as_of,historical computation; serving job absent,cold start vs failed join not explicit,PIT-only history
52,horse_recent3_start_count,historical_horse_recent,B,"historical race/date, entity ID, status, finish and official PLC as applicable",canonical/semantic PIT history,horse_id,after IDs/full field; frozen historical DB,historical.race_date < feature_as_of,historical computation; serving job absent,cold start vs failed join not explicit,PIT-only history
53,horse_recent5_win_rate,historical_horse_recent,B,"historical race/date, entity ID, status, finish and official PLC as applicable",canonical/semantic PIT history,horse_id,after IDs/full field; frozen historical DB,historical.race_date < feature_as_of,historical computation; serving job absent,cold start vs failed join not explicit,PIT-only history
54,horse_recent5_top3_rate,historical_horse_recent,B,"historical race/date, entity ID, status, finish and official PLC as applicable",canonical/semantic PIT history,horse_id,after IDs/full field; frozen historical DB,historical.race_date < feature_as_of,historical computation; serving job absent,cold start vs failed join not explicit,PIT-only history
55,horse_recent5_best_finish_rank,historical_horse_recent,B,"historical race/date, entity ID, status, finish and official PLC as applicable",canonical/semantic PIT history,horse_id,after IDs/full field; frozen historical DB,historical.race_date < feature_as_of,historical computation; serving job absent,cold start vs failed join not explicit,PIT-only history
56,horse_recent5_avg_rating,historical_horse_recent,B,"historical race/date, entity ID, status, finish and official PLC as applicable",canonical/semantic PIT history,horse_id,after IDs/full field; frozen historical DB,historical.race_date < feature_as_of,historical computation; serving job absent,cold start vs failed join not explicit,PIT-only history
57,horse_recent5_rating_change,historical_horse_recent,B,"historical race/date, entity ID, status, finish and official PLC as applicable",canonical/semantic PIT history,horse_id,after IDs/full field; frozen historical DB,historical.race_date < feature_as_of,historical computation; serving job absent,cold start vs failed join not explicit,PIT-only history
58,horse_recent10_win_rate,historical_horse_recent,B,"historical race/date, entity ID, status, finish and official PLC as applicable",canonical/semantic PIT history,horse_id,after IDs/full field; frozen historical DB,historical.race_date < feature_as_of,historical computation; serving job absent,cold start vs failed join not explicit,PIT-only history
59,horse_recent10_top3_rate,historical_horse_recent,B,"historical race/date, entity ID, status, finish and official PLC as applicable",canonical/semantic PIT history,horse_id,after IDs/full field; frozen historical DB,historical.race_date < feature_as_of,historical computation; serving job absent,cold start vs failed join not explicit,PIT-only history
60,horse_recent10_avg_finish_rank,historical_horse_recent,B,"historical race/date, entity ID, status, finish and official PLC as applicable",canonical/semantic PIT history,horse_id,after IDs/full field; frozen historical DB,historical.race_date < feature_as_of,historical computation; serving job absent,cold start vs failed join not explicit,PIT-only history
61,horse_recent10_best_finish_rank,historical_horse_recent,B,"historical race/date, entity ID, status, finish and official PLC as applicable",canonical/semantic PIT history,horse_id,after IDs/full field; frozen historical DB,historical.race_date < feature_as_of,historical computation; serving job absent,cold start vs failed join not explicit,PIT-only history
62,horse_recent10_avg_rating,historical_horse_recent,B,"historical race/date, entity ID, status, finish and official PLC as applicable",canonical/semantic PIT history,horse_id,after IDs/full field; frozen historical DB,historical.race_date < feature_as_of,historical computation; serving job absent,cold start vs failed join not explicit,PIT-only history
63,horse_recent10_rating_change,historical_horse_recent,B,"historical race/date, entity ID, status, finish and official PLC as applicable",canonical/semantic PIT history,horse_id,after IDs/full field; frozen historical DB,historical.race_date < feature_as_of,historical computation; serving job absent,cold start vs failed join not explicit,PIT-only history
64,horse_recent10_start_count,historical_horse_recent,B,"historical race/date, entity ID, status, finish and official PLC as applicable",canonical/semantic PIT history,horse_id,after IDs/full field; frozen historical DB,historical.race_date < feature_as_of,historical computation; serving job absent,cold start vs failed join not explicit,PIT-only history
65,horse_same_meet_start_count,historical_horse_aptitude,B,"historical race/date, entity ID, status, finish and official PLC as applicable",canonical/semantic PIT history,horse_id,after IDs/full field; frozen historical DB,historical.race_date < feature_as_of,historical computation; serving job absent,cold start vs failed join not explicit,PIT-only history
66,horse_same_meet_finish_rate,historical_horse_aptitude,B,"historical race/date, entity ID, status, finish and official PLC as applicable",canonical/semantic PIT history,horse_id,after IDs/full field; frozen historical DB,historical.race_date < feature_as_of,historical computation; serving job absent,cold start vs failed join not explicit,PIT-only history
67,horse_same_meet_plc_hit_rate,historical_horse_aptitude,B,"historical race/date, entity ID, status, finish and official PLC as applicable",canonical/semantic PIT history,horse_id,after IDs/full field; frozen historical DB,historical.race_date < feature_as_of,historical computation; serving job absent,cold start vs failed join not explicit,PIT-only history
68,horse_same_meet_avg_finish_rank,historical_horse_aptitude,B,"historical race/date, entity ID, status, finish and official PLC as applicable",canonical/semantic PIT history,horse_id,after IDs/full field; frozen historical DB,historical.race_date < feature_as_of,historical computation; serving job absent,cold start vs failed join not explicit,PIT-only history
69,horse_same_distance_avg_finish_rank,historical_horse_aptitude,B,"historical race/date, entity ID, status, finish and official PLC as applicable",canonical/semantic PIT history,horse_id,after IDs/full field; frozen historical DB,historical.race_date < feature_as_of,historical computation; serving job absent,cold start vs failed join not explicit,PIT-only history
70,horse_same_meet_distance_start_count,historical_horse_aptitude,B,"historical race/date, entity ID, status, finish and official PLC as applicable",canonical/semantic PIT history,horse_id,after IDs/full field; frozen historical DB,historical.race_date < feature_as_of,historical computation; serving job absent,cold start vs failed join not explicit,PIT-only history
71,horse_same_meet_distance_plc_hit_rate,historical_horse_aptitude,B,"historical race/date, entity ID, status, finish and official PLC as applicable",canonical/semantic PIT history,horse_id,after IDs/full field; frozen historical DB,historical.race_date < feature_as_of,historical computation; serving job absent,cold start vs failed join not explicit,PIT-only history
72,horse_same_meet_distance_avg_finish_rank,historical_horse_aptitude,B,"historical race/date, entity ID, status, finish and official PLC as applicable",canonical/semantic PIT history,horse_id,after IDs/full field; frozen historical DB,historical.race_date < feature_as_of,historical computation; serving job absent,cold start vs failed join not explicit,PIT-only history
73,horse_recent3_race_time_count,historical_speed_sectional,B,historical normalized race time/sectional and valid finish,semantic historical race time/sectional,horse_id,after IDs/full field; frozen historical DB,historical.race_date < feature_as_of,historical computation; serving job absent,cold start vs failed join not explicit,PIT-only history
74,horse_recent3_s1f_median,historical_speed_sectional,B,historical normalized race time/sectional and valid finish,semantic historical race time/sectional,horse_id,after IDs/full field; frozen historical DB,historical.race_date < feature_as_of,historical computation; serving job absent,cold start vs failed join not explicit,PIT-only history
75,horse_recent3_s1f_count,historical_speed_sectional,B,historical normalized race time/sectional and valid finish,semantic historical race time/sectional,horse_id,after IDs/full field; frozen historical DB,historical.race_date < feature_as_of,historical computation; serving job absent,cold start vs failed join not explicit,PIT-only history
76,horse_recent3_g3f_median,historical_speed_sectional,B,historical normalized race time/sectional and valid finish,semantic historical race time/sectional,horse_id,after IDs/full field; frozen historical DB,historical.race_date < feature_as_of,historical computation; serving job absent,cold start vs failed join not explicit,PIT-only history
77,horse_recent3_g1f_median,historical_speed_sectional,B,historical normalized race time/sectional and valid finish,semantic historical race time/sectional,horse_id,after IDs/full field; frozen historical DB,historical.race_date < feature_as_of,historical computation; serving job absent,cold start vs failed join not explicit,PIT-only history
78,horse_recent5_race_time_count,historical_speed_sectional,B,historical normalized race time/sectional and valid finish,semantic historical race time/sectional,horse_id,after IDs/full field; frozen historical DB,historical.race_date < feature_as_of,historical computation; serving job absent,cold start vs failed join not explicit,PIT-only history
79,horse_recent5_s1f_median,historical_speed_sectional,B,historical normalized race time/sectional and valid finish,semantic historical race time/sectional,horse_id,after IDs/full field; frozen historical DB,historical.race_date < feature_as_of,historical computation; serving job absent,cold start vs failed join not explicit,PIT-only history
80,horse_recent5_s1f_count,historical_speed_sectional,B,historical normalized race time/sectional and valid finish,semantic historical race time/sectional,horse_id,after IDs/full field; frozen historical DB,historical.race_date < feature_as_of,historical computation; serving job absent,cold start vs failed join not explicit,PIT-only history
81,horse_recent5_g3f_median,historical_speed_sectional,B,historical normalized race time/sectional and valid finish,semantic historical race time/sectional,horse_id,after IDs/full field; frozen historical DB,historical.race_date < feature_as_of,historical computation; serving job absent,cold start vs failed join not explicit,PIT-only history
82,horse_recent5_g1f_median,historical_speed_sectional,B,historical normalized race time/sectional and valid finish,semantic historical race time/sectional,horse_id,after IDs/full field; frozen historical DB,historical.race_date < feature_as_of,historical computation; serving job absent,cold start vs failed join not explicit,PIT-only history
83,horse_last_weight_kg,historical_horse_weight,B,historical horse weight/change and race_date,canonical/semantic PIT history,horse_id,after IDs/full field; frozen historical DB,historical.race_date < feature_as_of,historical computation; serving job absent,cold start vs failed join not explicit,PIT-only history
84,horse_last_weight_change_kg,historical_horse_weight,B,historical horse weight/change and race_date,canonical/semantic PIT history,horse_id,after IDs/full field; frozen historical DB,historical.race_date < feature_as_of,historical computation; serving job absent,cold start vs failed join not explicit,PIT-only history
85,horse_recent5_weight_mean,historical_horse_weight,B,historical horse weight/change and race_date,canonical/semantic PIT history,horse_id,after IDs/full field; frozen historical DB,historical.race_date < feature_as_of,historical computation; serving job absent,cold start vs failed join not explicit,PIT-only history
86,horse_recent5_weight_std,historical_horse_weight,B,historical horse weight/change and race_date,canonical/semantic PIT history,horse_id,after IDs/full field; frozen historical DB,historical.race_date < feature_as_of,historical computation; serving job absent,cold start vs failed join not explicit,PIT-only history
87,horse_recent5_weight_count,historical_horse_weight,B,historical horse weight/change and race_date,canonical/semantic PIT history,horse_id,after IDs/full field; frozen historical DB,historical.race_date < feature_as_of,historical computation; serving job absent,cold start vs failed join not explicit,PIT-only history
88,jockey_recent10_plc_hit_rate,historical_jockey,B,"historical race/date, entity ID, status, finish and official PLC as applicable",canonical/semantic PIT history,jockey_id,after IDs/full field; frozen historical DB,historical.race_date < feature_as_of,historical computation; serving job absent,cold start vs failed join not explicit,PIT-only history
89,jockey_same_meet_start_count,historical_jockey,B,"historical race/date, entity ID, status, finish and official PLC as applicable",canonical/semantic PIT history,jockey_id,after IDs/full field; frozen historical DB,historical.race_date < feature_as_of,historical computation; serving job absent,cold start vs failed join not explicit,PIT-only history
90,jockey_same_meet_plc_hit_rate,historical_jockey,B,"historical race/date, entity ID, status, finish and official PLC as applicable",canonical/semantic PIT history,jockey_id,after IDs/full field; frozen historical DB,historical.race_date < feature_as_of,historical computation; serving job absent,cold start vs failed join not explicit,PIT-only history
91,trainer_recent10_plc_hit_rate,historical_trainer,B,"historical race/date, entity ID, status, finish and official PLC as applicable",canonical/semantic PIT history,trainer_id,after IDs/full field; frozen historical DB,historical.race_date < feature_as_of,historical computation; serving job absent,cold start vs failed join not explicit,PIT-only history
92,trainer_same_meet_start_count,historical_trainer,B,"historical race/date, entity ID, status, finish and official PLC as applicable",canonical/semantic PIT history,trainer_id,after IDs/full field; frozen historical DB,historical.race_date < feature_as_of,historical computation; serving job absent,cold start vs failed join not explicit,PIT-only history
93,trainer_same_meet_plc_hit_rate,historical_trainer,B,"historical race/date, entity ID, status, finish and official PLC as applicable",canonical/semantic PIT history,trainer_id,after IDs/full field; frozen historical DB,historical.race_date < feature_as_of,historical computation; serving job absent,cold start vs failed join not explicit,PIT-only history
94,horse_jockey_recent10_start_count,historical_horse_jockey,B,"historical race/date, entity ID, status, finish and official PLC as applicable",canonical/semantic PIT history,horse_id+jockey_id,after IDs/full field; frozen historical DB,historical.race_date < feature_as_of,historical computation; serving job absent,cold start vs failed join not explicit,PIT-only history
95,horse_jockey_recent10_plc_hit_rate,historical_horse_jockey,B,"historical race/date, entity ID, status, finish and official PLC as applicable",canonical/semantic PIT history,horse_id+jockey_id,after IDs/full field; frozen historical DB,historical.race_date < feature_as_of,historical computation; serving job absent,cold start vs failed join not explicit,PIT-only history
96,horse_jockey_same_meet_start_count,historical_horse_jockey,B,"historical race/date, entity ID, status, finish and official PLC as applicable",canonical/semantic PIT history,horse_id+jockey_id,after IDs/full field; frozen historical DB,historical.race_date < feature_as_of,historical computation; serving job absent,cold start vs failed join not explicit,PIT-only history
97,horse_jockey_same_meet_plc_hit_rate,historical_horse_jockey,B,"historical race/date, entity ID, status, finish and official PLC as applicable",canonical/semantic PIT history,horse_id+jockey_id,after IDs/full field; frozen historical DB,historical.race_date < feature_as_of,historical computation; serving job absent,cold start vs failed join not explicit,PIT-only history
98,owner_prior_start_count,historical_owner,B,"historical race/date, entity ID, status, finish and official PLC as applicable",canonical/semantic PIT history,owner_id,after IDs/full field; frozen historical DB,historical.race_date < feature_as_of,historical computation; serving job absent,owner ID gaps; no silent name fallback,PIT-only history
99,owner_prior_plc_hit_rate,historical_owner,B,"historical race/date, entity ID, status, finish and official PLC as applicable",canonical/semantic PIT history,owner_id,after IDs/full field; frozen historical DB,historical.race_date < feature_as_of,historical computation; serving job absent,owner ID gaps; no silent name fallback,PIT-only history
100,horse_trainer_prior_start_count,historical_horse_trainer,B,"historical race/date, entity ID, status, finish and official PLC as applicable",canonical/semantic PIT history,horse_id+trainer_id,after IDs/full field; frozen historical DB,historical.race_date < feature_as_of,historical computation; serving job absent,cold start vs failed join not explicit,PIT-only history
101,horse_trainer_prior_plc_hit_rate,historical_horse_trainer,B,"historical race/date, entity ID, status, finish and official PLC as applicable",canonical/semantic PIT history,horse_id+trainer_id,after IDs/full field; frozen historical DB,historical.race_date < feature_as_of,historical computation; serving job absent,cold start vs failed join not explicit,PIT-only history
102,current_weather,race_day_track_weather,C,weather,KRA official race-day track/weather screen,race_date+meet_code+race_no; horse_id when runner-level,after race-day posting before cutoff,observed_at <= prediction_cutoff,historical parsing only; live ingestion absent,timestamped structured capture absent,capture before cutoff with timestamp
103,current_track_condition,race_day_track_weather,C,track,KRA official race-day track/weather screen,race_date+meet_code+race_no; horse_id when runner-level,after race-day posting before cutoff,observed_at <= prediction_cutoff,historical parsing only; live ingestion absent,timestamped structured capture absent,capture before cutoff with timestamp
104,current_track_moisture_percent,race_day_track_weather,C,track moisture percent,KRA official race-day track/weather screen,race_date+meet_code+race_no; horse_id when runner-level,after race-day posting before cutoff,observed_at <= prediction_cutoff,historical parsing only; live ingestion absent,timestamped structured capture absent,capture before cutoff with timestamp
105,current_horse_weight_kg,race_day_horse_weight,C,wgHr current weight,KRA API25_1 or official horse-weight screen,race_date+meet_code+race_no; horse_id when runner-level,after race-day posting before cutoff,observed_at <= prediction_cutoff,historical parsing only; live ingestion absent,API25 access/timing unconfirmed,capture before cutoff with timestamp
106,current_horse_weight_change_kg,race_day_horse_weight,C,wgHr change,KRA API25_1 or official horse-weight screen,race_date+meet_code+race_no; horse_id when runner-level,after race-day posting before cutoff,observed_at <= prediction_cutoff,historical parsing only; live ingestion absent,API25 access/timing unconfirmed,capture before cutoff with timestamp
107,horse_recent3_g3f_count,historical_speed_sectional,B,historical normalized race time/sectional and valid finish,semantic historical race time/sectional,horse_id,after IDs/full field; frozen historical DB,historical.race_date < feature_as_of,historical computation; serving job absent,cold start vs failed join not explicit,PIT-only history
108,horse_recent3_g1f_count,historical_speed_sectional,B,historical normalized race time/sectional and valid finish,semantic historical race time/sectional,horse_id,after IDs/full field; frozen historical DB,historical.race_date < feature_as_of,historical computation; serving job absent,cold start vs failed join not explicit,PIT-only history
109,horse_recent5_g3f_count,historical_speed_sectional,B,historical normalized race time/sectional and valid finish,semantic historical race time/sectional,horse_id,after IDs/full field; frozen historical DB,historical.race_date < feature_as_of,historical computation; serving job absent,cold start vs failed join not explicit,PIT-only history
110,horse_recent5_g1f_count,historical_speed_sectional,B,historical normalized race time/sectional and valid finish,semantic historical race time/sectional,horse_id,after IDs/full field; frozen historical DB,historical.race_date < feature_as_of,historical computation; serving job absent,cold start vs failed join not explicit,PIT-only history
111,horse_recent3_race_relative_time_advantage_median,historical_race_relative,B,historical valid race time/status and race cohort,semantic historical valid race time and race cohort,horse_id,after IDs/full field; frozen historical DB,historical.race_date < feature_as_of,historical computation; serving job absent,cold start vs failed join not explicit,PIT-only history
112,horse_recent3_race_time_percentile_median,historical_race_relative,B,historical valid race time/status and race cohort,semantic historical valid race time and race cohort,horse_id,after IDs/full field; frozen historical DB,historical.race_date < feature_as_of,historical computation; serving job absent,cold start vs failed join not explicit,PIT-only history
113,horse_recent3_race_relative_time_count,historical_race_relative,B,historical valid race time/status and race cohort,semantic historical valid race time and race cohort,horse_id,after IDs/full field; frozen historical DB,historical.race_date < feature_as_of,historical computation; serving job absent,cold start vs failed join not explicit,PIT-only history
114,horse_recent5_race_relative_time_advantage_median,historical_race_relative,B,historical valid race time/status and race cohort,semantic historical valid race time and race cohort,horse_id,after IDs/full field; frozen historical DB,historical.race_date < feature_as_of,historical computation; serving job absent,cold start vs failed join not explicit,PIT-only history
115,horse_recent5_race_time_percentile_median,historical_race_relative,B,historical valid race time/status and race cohort,semantic historical valid race time and race cohort,horse_id,after IDs/full field; frozen historical DB,historical.race_date < feature_as_of,historical computation; serving job absent,cold start vs failed join not explicit,PIT-only history
116,horse_recent5_race_relative_time_count,historical_race_relative,B,historical valid race time/status and race cohort,semantic historical valid race time and race cohort,horse_id,after IDs/full field; frozen historical DB,historical.race_date < feature_as_of,historical computation; serving job absent,cold start vs failed join not explicit,PIT-only history
117,rating_field_percentile,current_field_relative,B,"upstream value, race_id, horse_id, active field",complete current field plus upstream A/B values,race_id+horse_id+complete active field,after IDs/full field; frozen historical DB,historical.race_date < feature_as_of,research implementation; live recomputation absent,final field and late-change recomputation required,average-rank/min-3 comparable contract
118,carried_weight_vs_field_median_kg,current_field_relative,B,"upstream value, race_id, horse_id, active field",complete current field plus upstream A/B values,race_id+horse_id+complete active field,after IDs/full field; frozen historical DB,historical.race_date < feature_as_of,research implementation; live recomputation absent,final field and late-change recomputation required,average-rank/min-3 comparable contract
119,horse_prior_plc_hit_rate_field_percentile,current_field_relative,B,"upstream value, race_id, horse_id, active field",complete current field plus upstream A/B values,race_id+horse_id+complete active field,after IDs/full field; frozen historical DB,historical.race_date < feature_as_of,research implementation; live recomputation absent,final field and late-change recomputation required,average-rank/min-3 comparable contract
120,horse_recent5_plc_hit_rate_field_percentile,current_field_relative,B,"upstream value, race_id, horse_id, active field",complete current field plus upstream A/B values,race_id+horse_id+complete active field,after IDs/full field; frozen historical DB,historical.race_date < feature_as_of,research implementation; live recomputation absent,final field and late-change recomputation required,average-rank/min-3 comparable contract
121,horse_same_distance_plc_hit_rate_field_percentile,current_field_relative,B,"upstream value, race_id, horse_id, active field",complete current field plus upstream A/B values,race_id+horse_id+complete active field,after IDs/full field; frozen historical DB,historical.race_date < feature_as_of,research implementation; live recomputation absent,final field and late-change recomputation required,average-rank/min-3 comparable contract
122,jockey_recent10_plc_hit_rate_field_percentile,current_field_relative,B,"upstream value, race_id, horse_id, active field",complete current field plus upstream A/B values,jockey_id,after IDs/full field; frozen historical DB,historical.race_date < feature_as_of,research implementation; live recomputation absent,final field and late-change recomputation required,average-rank/min-3 comparable contract
123,trainer_recent10_plc_hit_rate_field_percentile,current_field_relative,B,"upstream value, race_id, horse_id, active field",complete current field plus upstream A/B values,trainer_id,after IDs/full field; frozen historical DB,historical.race_date < feature_as_of,research implementation; live recomputation absent,final field and late-change recomputation required,average-rank/min-3 comparable contract
124,horse_recent5_s1f_field_percentile,current_field_relative,B,"upstream value, race_id, horse_id, active field",complete current field plus upstream A/B values,race_id+horse_id+complete active field,after IDs/full field; frozen historical DB,historical.race_date < feature_as_of,research implementation; live recomputation absent,final field and late-change recomputation required,average-rank/min-3 comparable contract
125,horse_recent5_g3f_field_percentile,current_field_relative,B,"upstream value, race_id, horse_id, active field",complete current field plus upstream A/B values,race_id+horse_id+complete active field,after IDs/full field; frozen historical DB,historical.race_date < feature_as_of,research implementation; live recomputation absent,final field and late-change recomputation required,average-rank/min-3 comparable contract
126,horse_recent5_g1f_field_percentile,current_field_relative,B,"upstream value, race_id, horse_id, active field",complete current field plus upstream A/B values,race_id+horse_id+complete active field,after IDs/full field; frozen historical DB,historical.race_date < feature_as_of,research implementation; live recomputation absent,final field and late-change recomputation required,average-rank/min-3 comparable contract
127,horse_recent5_race_time_percentile_trend_per_start,historical_trend,B,"ordered historical values, race_date, race_id",semantic historical event sequence,horse_id,after IDs/full field; frozen historical DB,historical.race_date < feature_as_of,historical computation; serving job absent,cold start vs failed join not explicit,PIT-only history
128,horse_recent5_s1f_improvement_trend_seconds_per_start,historical_trend,B,"ordered historical values, race_date, race_id",semantic historical event sequence,horse_id,after IDs/full field; frozen historical DB,historical.race_date < feature_as_of,historical computation; serving job absent,cold start vs failed join not explicit,PIT-only history
129,horse_recent5_g3f_improvement_trend_seconds_per_start,historical_trend,B,"ordered historical values, race_date, race_id",semantic historical event sequence,horse_id,after IDs/full field; frozen historical DB,historical.race_date < feature_as_of,historical computation; serving job absent,cold start vs failed join not explicit,PIT-only history
130,horse_recent5_g1f_improvement_trend_seconds_per_start,historical_trend,B,"ordered historical values, race_date, race_id",semantic historical event sequence,horse_id,after IDs/full field; frozen historical DB,historical.race_date < feature_as_of,historical computation; serving job absent,cold start vs failed join not explicit,PIT-only history
131,horse_same_meet_plc_hit_rate_field_percentile,current_field_relative,B,"upstream value, race_id, horse_id, active field",complete current field plus upstream A/B values,race_id+horse_id+complete active field,after IDs/full field; frozen historical DB,historical.race_date < feature_as_of,research implementation; live recomputation absent,final field and late-change recomputation required,average-rank/min-3 comparable contract
132,horse_same_meet_distance_plc_hit_rate_field_percentile,current_field_relative,B,"upstream value, race_id, horse_id, active field",complete current field plus upstream A/B values,race_id+horse_id+complete active field,after IDs/full field; frozen historical DB,historical.race_date < feature_as_of,research implementation; live recomputation absent,final field and late-change recomputation required,average-rank/min-3 comparable contract
133,jockey_same_meet_plc_hit_rate_field_percentile,current_field_relative,B,"upstream value, race_id, horse_id, active field",complete current field plus upstream A/B values,jockey_id,after IDs/full field; frozen historical DB,historical.race_date < feature_as_of,research implementation; live recomputation absent,final field and late-change recomputation required,average-rank/min-3 comparable contract
134,trainer_same_meet_plc_hit_rate_field_percentile,current_field_relative,B,"upstream value, race_id, horse_id, active field",complete current field plus upstream A/B values,trainer_id,after IDs/full field; frozen historical DB,historical.race_date < feature_as_of,research implementation; live recomputation absent,final field and late-change recomputation required,average-rank/min-3 comparable contract
135,owner_prior_plc_hit_rate_field_percentile,current_field_relative,B,"upstream value, race_id, horse_id, active field",complete current field plus upstream A/B values,owner_id,after IDs/full field; frozen historical DB,historical.race_date < feature_as_of,research implementation; live recomputation absent,final field and late-change recomputation required,average-rank/min-3 comparable contract
136,horse_trainer_prior_plc_hit_rate_field_percentile,current_field_relative,B,"upstream value, race_id, horse_id, active field",complete current field plus upstream A/B values,horse_id+trainer_id,after IDs/full field; frozen historical DB,historical.race_date < feature_as_of,research implementation; live recomputation absent,final field and late-change recomputation required,average-rank/min-3 comparable contract
137,horse_recent5_race_time_percentile_median_field_percentile,current_field_relative,B,"upstream value, race_id, horse_id, active field",complete current field plus upstream A/B values,race_id+horse_id+complete active field,after IDs/full field; frozen historical DB,historical.race_date < feature_as_of,research implementation; live recomputation absent,final field and late-change recomputation required,average-rank/min-3 comparable contract
